3998.27344	0.99535
3997.30908	0.99406
3996.34471	0.99045
3995.38034	0.98727
3994.41597	0.98851
3993.45160	0.99174
3992.48723	0.99167
3991.52286	0.98862
3990.55849	0.98772
3989.59412	0.99100
3988.62976	0.99505
3987.66539	0.99703
3986.70102	0.99687
3985.73665	0.99605
3984.77228	0.99616
3983.80791	0.99617
3982.84354	0.99530
3981.87917	0.99546
3980.91480	0.99717
3979.95044	0.99899
3978.98607	1.00000
3978.02170	0.99871
3977.05733	0.99426
3976.09296	0.98985
3975.12859	0.98876
3974.16422	0.98886
3973.19985	0.98834
3972.23548	0.99054
3971.27112	0.99481
3970.30675	0.99526
3969.34238	0.99392
3968.37801	0.99706
3967.41364	1.00197
3966.44927	1.00352
3965.48490	1.00242
3964.52053	1.00027
3963.55616	0.99428
3962.59180	0.98567
3961.62743	0.98494
3960.66306	0.99278
3959.69869	0.99817
3958.73432	0.99758
3957.76995	0.99511
3956.80558	0.99555
3955.84121	0.99906
3954.87684	1.00000
3953.91248	0.99622
3952.94811	0.99374
3951.98374	0.98852
3951.01937	0.97179
3950.05500	0.95640
3949.09063	0.95240
3948.12626	0.95415
3947.16189	0.96651
3946.19752	0.98447
3945.23316	0.98523
3944.26879	0.95904
3943.30442	0.92935
3942.34005	0.93555
3941.37568	0.97047
3940.41131	0.99264
3939.44694	0.99516
3938.48257	0.99510
3937.51820	0.99864
3936.55384	1.00000
3935.58947	0.99351
3934.62510	0.97449
3933.66073	0.93848
3932.69636	0.90943
3931.73199	0.91709
3930.76762	0.94159
3929.80325	0.95715
3928.83888	0.97249
3927.87452	0.98642
3926.91015	0.97664
3925.94578	0.94122
3924.98141	0.91783
3924.01704	0.93374
3923.05267	0.96541
3922.08830	0.97215
3921.12393	0.94437
3920.15956	0.92404
3919.19520	0.92599
3918.23083	0.90677
3917.26646	0.88492
3916.30209	0.91374
3915.33772	0.96599
3914.37335	0.99419
3913.40898	1.00057
3912.44461	1.00118
3911.48024	1.00102
3910.51588	1.00071
3909.55151	1.00000
3908.58714	0.99486
3907.62277	0.97067
3906.65840	0.91875
3905.69403	0.84465
3904.72966	0.78552
3903.76529	0.77405
3902.80092	0.77840
3901.83656	0.78873
3900.87219	0.80595
3899.90782	0.80183
3898.94345	0.82713
3897.97908	0.90852
3897.01471	0.97444
3896.05034	0.99288
3895.08597	0.98422
3894.12160	0.96415
3893.15724	0.91349
3892.19287	0.83572
3891.22850	0.82066
3890.26413	0.89879
3889.29976	0.97496
3888.33539	0.97938
3887.37102	0.89946
3886.40665	0.79314
3885.44228	0.78663
3884.47792	0.87183
3883.51355	0.93278
3882.54918	0.92495
3881.58481	0.85606
3880.62044	0.80478
3879.65607	0.85603
3878.69170	0.95164
3877.72733	1.00000
3876.76296	0.99291
3875.79859	0.93321
3874.83423	0.85692
3873.86986	0.85237
3872.90549	0.90128
3871.94112	0.87963
3870.97675	0.76581
3870.01238	0.70001
3869.04801	0.77787
3868.08364	0.90248
3867.11927	0.93090
3866.15491	0.85170
3865.19054	0.78861
3864.22617	0.82258
3863.26180	0.87003
3862.29743	0.87425
3861.33306	0.90127
3860.36869	0.95885
3859.40432	0.98070
3858.43995	0.94934
3857.47559	0.90799
3856.51122	0.85390
3855.54685	0.70746
3854.58248	0.53286
3853.61811	0.49582
3852.65374	0.58483
3851.68937	0.72036
3850.72500	0.85696
3849.76063	0.94007
3848.79627	0.97673
3847.83190	0.99639
3846.86753	1.00000
3845.90316	0.97621
3844.93879	0.91730
3843.97442	0.87189
3843.01005	0.87465
3842.04568	0.86244
3841.08131	0.81843
3840.11695	0.78758
3839.15258	0.73466
3838.18821	0.68624
3837.22384	0.73459
3836.25947	0.80359
3835.29510	0.82302
3834.33073	0.86150
3833.36636	0.89106
3832.40199	0.85998
3831.43763	0.85879
3830.47326	0.92416
3829.50889	0.97104
3828.54452	0.95388
3827.58015	0.90829
3826.61578	0.89667
3825.65141	0.92914
3824.68704	0.95120
3823.72267	0.91135
3822.75831	0.79300
3821.79394	0.67146
3820.82957	0.67513
3819.86520	0.79440
3818.90083	0.89225
3817.93646	0.86724
3816.97209	0.75116
3816.00772	0.71193
3815.04335	0.81978
3814.07899	0.94201
3813.11462	0.99066
3812.15025	0.99987
3811.18588	1.00000
3810.22151	0.99339
3809.25714	0.95196
3808.29277	0.84527
3807.32840	0.75627
3806.36403	0.79858
3805.39967	0.90247
3804.43530	0.92812
3803.47093	0.84818
3802.50656	0.71744
3801.54219	0.66173
3800.57782	0.75467
3799.61345	0.88429
3798.64908	0.92319
3797.68471	0.88095
3796.72035	0.85053
3795.75598	0.89224
3794.79161	0.96080
3793.82724	0.99518
3792.86287	1.00264
3791.89850	1.00439
3790.93413	1.00390
3789.96976	1.00203
3789.00539	1.00026
3788.04103	0.99692
3787.07666	0.98496
3786.11229	0.96048
3785.14792	0.94138
3784.18355	0.95167
3783.21918	0.97697
3782.25481	0.98293
3781.29044	0.94661
3780.32607	0.88304
3779.36171	0.86572
3778.39734	0.91779
3777.43297	0.97271
3776.46860	0.99506
3775.50423	1.00000
3774.53986	1.00000
3773.57549	0.99708
3772.61112	0.98056
3771.64675	0.92325
3770.68239	0.84069
3769.71802	0.82534
3768.75365	0.89513
3767.78928	0.93947
3766.82491	0.90576
3765.86054	0.87627
3764.89617	0.91293
3763.93180	0.96581
3762.96743	0.98539
3762.00307	0.96620
3761.03870	0.89976
3760.07433	0.83650
3759.10996	0.84943
3758.14559	0.88936
3757.18122	0.89256
3756.21685	0.90271
3755.25248	0.92591
3754.28811	0.87630
3753.32375	0.73423
3752.35938	0.63404
3751.39501	0.63952
3750.43064	0.63284
3749.46627	0.62731
3748.50190	0.72415
3747.53753	0.82692
3746.57316	0.78298
3745.60879	0.60548
3744.64443	0.50895
3743.68006	0.63489
3742.71569	0.81237
3741.75132	0.87931
3740.78695	0.89210
3739.82258	0.89516
3738.85821	0.85688
3737.89384	0.77675
3736.92947	0.68895
3735.96510	0.63554
3735.00074	0.65588
3734.03637	0.71447
3733.07200	0.72658
3732.10763	0.73490
3731.14326	0.81698
3730.17889	0.90758
3729.21452	0.93534
3728.25015	0.90307
3727.28578	0.84672
3726.32142	0.82542
3725.35705	0.85281
3724.39268	0.87858
3723.42831	0.86168
3722.46394	0.84533
3721.49957	0.88412
3720.53520	0.92734
3719.57083	0.93207
3718.60646	0.94494
3717.64210	0.98130
3716.67773	0.99936
3715.71336	0.98781
3714.74899	0.95546
3713.78462	0.86926
3712.82025	0.75149
3711.85588	0.72045
3710.89151	0.76755
3709.92714	0.79706
3708.96278	0.84398
3707.99841	0.92649
3707.03404	0.97627
3706.06967	0.98597
3705.10530	0.98790
3704.14093	0.97469
3703.17656	0.91842
3702.21219	0.86172
3701.24782	0.88197
3700.28346	0.95125
3699.31909	0.99329
3698.35472	1.00000
3697.39035	0.99393
3696.42598	0.98991
3695.46161	0.99144
3694.49724	0.98909
3693.53287	0.96228
3692.56850	0.88674
3691.60414	0.80623
3690.63977	0.77674
3689.67540	0.73807
3688.71103	0.69987
3687.74666	0.77515
3686.78229	0.91128
3685.81792	0.98298
3684.85355	0.99739
3683.88918	1.00358
3682.92482	1.00884
3681.96045	1.00026
3680.99608	0.96295
3680.03171	0.91689
3679.06734	0.90029
3678.10297	0.87068
3677.13860	0.74975
3676.17423	0.60483
3675.20986	0.59903
3674.24550	0.74537
3673.28113	0.87619
3672.31676	0.85335
3671.35239	0.73746
3670.38802	0.68625
3669.42365	0.73350
3668.45928	0.82573
3667.49491	0.92321
3666.53054	0.98209
3665.56618	0.99795
3664.60181	1.00043
3663.63744	1.00000
3662.67307	0.99972
3661.70870	0.99661
3660.74433	0.99106
3659.77996	0.98727
3658.81559	0.97118
3657.85122	0.90234
3656.88686	0.81311
3655.92249	0.81631
3654.95812	0.90342
3653.99375	0.95587
3653.02938	0.91482
3652.06501	0.79816
3651.10064	0.67690
3650.13627	0.61953
3649.17190	0.62726
3648.20754	0.65953
3647.24317	0.71524
3646.27880	0.81659
3645.31443	0.91649
3644.35006	0.95847
3643.38569	0.95677
3642.42132	0.95054
3641.45695	0.95758
3640.49258	0.96581
3639.52822	0.96017
3638.56385	0.94873
3637.59948	0.94865
3636.63511	0.95429
3635.67074	0.93640
3634.70637	0.89399
3633.74200	0.87487
3632.77763	0.89350
3631.81326	0.87841
3630.84890	0.76858
3629.88453	0.62385
3628.92016	0.58381
3627.95579	0.68402
3626.99142	0.81036
3626.02705	0.88108
3625.06268	0.91162
3624.09831	0.92336
3623.13394	0.91779
3622.16958	0.88923
3621.20521	0.82669
3620.24084	0.75737
3619.27647	0.73521
3618.31210	0.76503
3617.34773	0.81895
3616.38336	0.85856
3615.41899	0.85485
3614.45462	0.82592
3613.49026	0.79623
3612.52589	0.80028
3611.56152	0.83881
3610.59715	0.82949
3609.63278	0.77664
3608.66841	0.76745
3607.70404	0.79653
3606.73967	0.83519
3605.77530	0.88217
3604.81094	0.90967
3603.84657	0.90762
3602.88220	0.89135
3601.91783	0.86904
3600.95346	0.85501
3599.98909	0.85743
3599.02472	0.86375
3598.06035	0.86634
3597.09598	0.85581
3596.13161	0.83094
3595.16725	0.82127
3594.20288	0.83208
3593.23851	0.84922
3592.27414	0.87413
3591.30977	0.88699
3590.34540	0.85250
3589.38103	0.78186
3588.41666	0.73048
3587.45229	0.72292
3586.48793	0.75898
3585.52356	0.82561
3584.55919	0.87374
3583.59482	0.88827
3582.63045	0.89476
3581.66608	0.89639
3580.70171	0.88959
3579.73734	0.88667
3578.77297	0.89033
3577.80861	0.89001
3576.84424	0.88853
3575.87987	0.88927
3574.91550	0.88854
3573.95113	0.88986
3572.98676	0.89373
3572.02239	0.89263
3571.05802	0.88237
3570.09365	0.85101
3569.12929	0.78687
3568.16492	0.72422
3567.20055	0.70625
3566.23618	0.73631
3565.27181	0.79204
3564.30744	0.83541
3563.34307	0.85435
3562.37870	0.86386
3561.41433	0.86488
3560.44997	0.86274
3559.48560	0.87023
3558.52123	0.88057
3557.55686	0.88350
3556.59249	0.88436
3555.62812	0.88303
3554.66375	0.87223
3553.69938	0.85258
3552.73501	0.83662
3551.77065	0.84182
3550.80628	0.86139
3549.84191	0.87051
3548.87754	0.85748
3547.91317	0.83108
3546.94880	0.81198
3545.98443	0.80917
3545.02006	0.81880
3544.05569	0.83693
3543.09133	0.85605
3542.12696	0.86920
3541.16259	0.87520
3540.19822	0.87602
3539.23385	0.87450
3538.26948	0.86833
3537.30511	0.85657
3536.34074	0.85187
3535.37637	0.86086
3534.41201	0.87085
3533.44764	0.87239
3532.48327	0.86715
3531.51890	0.85869
3530.55453	0.84854
3529.59016	0.83698
3528.62579	0.82807
3527.66142	0.82616
3526.69705	0.83002
3525.73269	0.83406
3524.76832	0.83158
3523.80395	0.82553
3522.83958	0.82948
3521.87521	0.84521
3520.91084	0.85733
3519.94647	0.85836
3518.98210	0.85611
3518.01773	0.85687
3517.05337	0.85945
3516.08900	0.86123
3515.12463	0.86140
3514.16026	0.86011
3513.19589	0.85730
3512.23152	0.85267
3511.26715	0.84352
3510.30278	0.83097
3509.33841	0.82837
3508.37405	0.84073
3507.40968	0.85222
3506.44531	0.85167
3505.48094	0.84132
3504.51657	0.82602
3503.55220	0.81578
3502.58783	0.82030
3501.62346	0.83449
3500.65909	0.84587
3499.69473	0.85092
3498.73036	0.85118
3497.76599	0.84686
3496.80162	0.84197
3495.83725	0.84224
3494.87288	0.84711
3493.90851	0.85170
3492.94414	0.85301
3491.97977	0.85177
3491.01541	0.85080
3490.05104	0.84890
3489.08667	0.84320
3488.12230	0.83906
3487.15793	0.84172
3486.19356	0.84627
3485.22919	0.84815
3484.26482	0.84551
3483.30045	0.83663
3482.33609	0.82872
3481.37172	0.83009
3480.40735	0.83805
3479.44298	0.84603
3478.47861	0.85056
3477.51424	0.85133
3476.54987	0.84886
3475.58550	0.84518
3474.62113	0.84481
3473.65677	0.84794
3472.69240	0.85033
3471.72803	0.85063
3470.76366	0.85056
3469.79929	0.85113
3468.83492	0.85050
3467.87055	0.84757
3466.90618	0.84627
3465.94181	0.84871
3464.97745	0.85052
3464.01308	0.84783
3463.04871	0.84334
3462.08434	0.84253
3461.11997	0.84597
3460.15560	0.84976
3459.19123	0.85163
3458.22686	0.85228
3457.26249	0.85245
3456.29813	0.85257
3455.33376	0.85343
3454.36939	0.85471
3453.40502	0.85549
3452.44065	0.85559
3451.47628	0.85531
3450.51191	0.85464
3449.54754	0.85077
3448.58317	0.83902
3447.61880	0.82685
3446.65444	0.82951
3445.69007	0.84279
3444.72570	0.85081
3443.76133	0.84978
3442.79696	0.84698
3441.83259	0.84949
3440.86822	0.85498
3439.90385	0.85814
3438.93948	0.85920
3437.97512	0.86016
3437.01075	0.86164
3436.04638	0.86303
3435.08201	0.86374
3434.11764	0.86363
3433.15327	0.86296
3432.18890	0.86224
3431.22453	0.86255
3430.26016	0.86443
3429.29580	0.86630
3428.33143	0.86687
3427.36706	0.86694
3426.40269	0.86756
3425.43832	0.86796
3424.47395	0.86694
3423.50958	0.86450
3422.54521	0.86104
3421.58084	0.85728
3420.61648	0.85681
3419.65211	0.86244
3418.68774	0.86986
3417.72337	0.87440
3416.75900	0.87640
3415.79463	0.87705
3414.83026	0.87720
3413.86589	0.87754
3412.90152	0.87828
3411.93716	0.87911
3410.97279	0.88005
3410.00842	0.88139
3409.04405	0.88275
3408.07968	0.88390
3407.11531	0.88530
3406.15094	0.88662
3405.18657	0.88648
3404.22220	0.88568
3403.25784	0.88631
3402.29347	0.88819
3401.32910	0.89023
3400.36473	0.89207
3399.40036	0.89294
3398.43599	0.89157
3397.47162	0.89026
3396.50725	0.89258
3395.54288	0.89637
3394.57852	0.89659
3393.61415	0.89336
3392.64978	0.89335
3391.68541	0.89903
3390.72104	0.90454
3389.75667	0.90681
3388.79230	0.90803
3387.82793	0.90884
3386.86356	0.90850
3385.89920	0.90775
3384.93483	0.90815
3383.97046	0.91011
3383.00609	0.91290
3382.04172	0.91567
3381.07735	0.91812
3380.11298	0.92035
3379.14861	0.92213
3378.18424	0.92358
3377.21988	0.92516
3376.25551	0.92638
3375.29114	0.92715
3374.32677	0.92833
3373.36240	0.92995
3372.39803	0.93177
3371.43366	0.93374
3370.46929	0.93516
3369.50492	0.93536
3368.54056	0.93514
3367.57619	0.93519
3366.61182	0.93488
3365.64745	0.93527
3364.68308	0.93827
3363.71871	0.94198
3362.75434	0.94362
3361.78997	0.94470
3360.82560	0.94706
3359.86124	0.94960
3358.89687	0.95127
3357.93250	0.95178
3356.96813	0.95185
3356.00376	0.95323
3355.03939	0.95600
3354.07502	0.95876
3353.11065	0.96129
3352.14628	0.96401
3351.18192	0.96630
3350.21755	0.96759
3349.25318	0.96841
3348.28881	0.96957
3347.32444	0.97142
3346.36007	0.97357
3345.39570	0.97553
3344.43133	0.97742
3343.46696	0.97899
3342.50260	0.97973
3341.53823	0.98037
3340.57386	0.98204
3339.60949	0.98427
3338.64512	0.98490
3337.68075	0.98325
3336.71638	0.98261
3335.75201	0.98479
3334.78764	0.98788
3333.82328	0.99108
3332.85891	0.99403
3331.89454	0.99561
3330.93017	0.99635
3329.96580	0.99760
3329.00143	0.99910
3328.03706	1.00000
3327.07269	0.99966
3326.10832	1.00017
3325.14396	1.00023
3324.17959	1.00001
3323.21522	1.00069
3322.25085	1.00146
3321.28648	1.00121
3320.32211	1.00052
3319.35774	1.00012
3318.39337	1.00007
3317.42900	1.00061
3316.46464	1.00164
3315.50027	1.00192
3314.53590	1.00038
3313.57153	0.99837
3312.60716	0.99795
3311.64279	0.99822
3310.67842	0.99728
3309.71405	0.99579
3308.74968	0.99624
3307.78531	0.99916
3306.82095	1.00192
3305.85658	1.00294
3304.89221	1.00263
3303.92784	1.00161
3302.96347	1.00092
3301.99910	1.00082
3301.03473	1.00052
3300.07036	1.00000
3299.10599	0.99940
3298.14163	0.99854
3297.17726	0.99885
3296.21289	1.00021
3295.24852	1.00088
3294.28415	1.00001
3293.31978	0.99811
3292.35541	0.99688
3291.39104	0.99771
3290.42667	0.99949
3289.46231	1.00013
3288.49794	1.00010
3287.53357	1.00083
3286.56920	1.00168
3285.60483	1.00170
3284.64046	1.00069
3283.67609	0.99953
3282.71172	0.99970
3281.74735	1.00056
3280.78299	1.00037
3279.81862	0.99972
3278.85425	0.99962
3277.88988	0.99861
3276.92551	0.99689
3275.96114	0.99662
3274.99677	0.99621
3274.03240	0.99516
3273.06803	0.99683
3272.10367	1.00000
3271.13930	1.00119
3270.17493	1.00102
3269.21056	1.00109
3268.24619	1.00136
3267.28182	1.00111
3266.31745	1.00009
3265.35308	0.99936
3264.38871	0.99954
3263.42435	0.99991
3262.45998	0.99994
3261.49561	0.99947
3260.53124	0.99885
3259.56687	0.99879
3258.60250	0.99833
3257.63813	0.99718
3256.67376	0.99691
3255.70939	0.99634
3254.74503	0.99477
3253.78066	0.99541
3252.81629	0.99827
3251.85192	0.99989
3250.88755	0.99988
3249.92318	0.99968
3248.95881	0.99977
3247.99444	1.00000
3247.03007	0.99860
3246.06571	0.99452
3245.10134	0.99180
3244.13697	0.99392
3243.17260	0.99779
3242.20823	0.99963
3241.24386	0.99934
3240.27949	0.99854
3239.31512	0.99853
3238.35075	0.99861
3237.38639	0.99786
3236.42202	0.99739
3235.45765	0.99812
3234.49328	0.99895
3233.52891	0.99917
3232.56454	0.99926
3231.60017	0.99865
3230.63580	0.99725
3229.67143	0.99678
3228.70707	0.99717
3227.74270	0.99724
3226.77833	0.99779
3225.81396	0.99915
3224.84959	1.00024
3223.88522	1.00016
3222.92085	0.99876
3221.95648	0.99705
3220.99211	0.99544
3220.02775	0.99449
3219.06338	0.99605
3218.09901	0.99893
3217.13464	1.00039
3216.17027	1.00000
3215.20590	0.99763
3214.24153	0.99562
3213.27716	0.99666
3212.31279	0.99858
3211.34843	0.99789
3210.38406	0.99573
3209.41969	0.99585
3208.45532	0.99834
3207.49095	1.00036
3206.52658	1.00131
3205.56221	1.00171
3204.59784	1.00132
3203.63347	1.00059
3202.66911	1.00033
3201.70474	1.00040
3200.74037	1.00007
3199.77600	0.99849
3198.81163	0.99573
3197.84726	0.99434
3196.88289	0.99568
3195.91852	0.99760
3194.95415	0.99865
3193.98979	0.99918
3193.02542	0.99948
3192.06105	0.99969
3191.09668	0.99982
3190.13231	0.99985
3189.16794	0.99993
3188.20357	1.00000
3187.23920	0.99934
3186.27483	0.99756
3185.31047	0.99643
3184.34610	0.99748
3183.38173	0.99918
3182.41736	0.99973
3181.45299	0.99981
3180.48862	0.99952
3179.52425	0.99706
3178.55988	0.99409
3177.59551	0.99491
3176.63115	0.99838
3175.66678	1.00054
3174.70241	1.00111
3173.73804	1.00136
3172.77367	1.00105
3171.80930	0.99976
3170.84493	0.99847
3169.88056	0.99826
3168.91619	0.99877
3167.95182	0.99922
3166.98746	0.99954
3166.02309	0.99975
3165.05872	0.99971
3164.09435	0.99955
3163.12998	0.99948
3162.16561	0.99963
3161.20124	0.99991
3160.23687	1.00000
3159.27250	0.99987
3158.30814	0.99971
3157.34377	0.99971
3156.37940	0.99988
3155.41503	1.00016
3154.45066	1.00026
3153.48629	0.99983
3152.52192	0.99926
3151.55755	0.99934
3150.59318	0.99994
3149.62882	1.00035
3148.66445	1.00027
3147.70008	0.99982
3146.73571	0.99933
3145.77134	0.99906
3144.80697	0.99892
3143.84260	0.99861
3142.87823	0.99826
3141.91386	0.99836
3140.94950	0.99883
3139.98513	0.99942
3139.02076	0.99980
3138.05639	0.99996
3137.09202	1.00014
3136.12765	1.00000
3135.16328	0.99874
3134.19891	0.99559
3133.23454	0.99326
3132.27018	0.99481
3131.30581	0.99815
3130.34144	1.00001
3129.37707	1.00036
3128.41270	0.99935
3127.44833	0.99722
3126.48396	0.99613
3125.51959	0.99722
3124.55522	0.99766
3123.59086	0.99530
3122.62649	0.99413
3121.66212	0.99722
3120.69775	0.99985
3119.73338	0.99848
3118.76901	0.99681
3117.80464	0.99720
3116.84027	0.99723
3115.87590	0.99685
3114.91154	0.99784
3113.94717	0.99896
3112.98280	0.99925
3112.01843	0.99969
3111.05406	1.00031
3110.08969	1.00076
3109.12532	1.00100
3108.16095	1.00069
3107.19658	1.00030
3106.23222	1.00056
3105.26785	1.00071
3104.30348	1.00000
3103.33911	0.99858
3102.37474	0.99677
3101.41037	0.99537
3100.44600	0.99580
3099.48163	0.99804
3098.51726	0.99992
3097.55290	0.99897
3096.58853	0.99603
3095.62416	0.99517
3094.65979	0.99749
3093.69542	1.00028
3092.73105	1.00216
3091.76668	1.00333
3090.80231	1.00378
3089.83794	1.00355
3088.87358	1.00301
3087.90921	1.00215
3086.94484	1.00118
3085.98047	1.00110
3085.01610	1.00202
3084.05173	1.00233
3083.08736	1.00104
3082.12299	0.99952
3081.15862	0.99860
3080.19426	0.99793
3079.22989	0.99794
3078.26552	0.99861
3077.30115	0.99932
3076.33678	1.00000
3075.37241	1.00087
3074.40804	1.00169
3073.44367	1.00187
3072.47930	1.00132
3071.51494	1.00082
3070.55057	1.00083
3069.58620	1.00083
3068.62183	0.99923
3067.65746	0.99635
3066.69309	0.99490
3065.72872	0.99439
3064.76435	0.99379
3063.79998	0.99510
3062.83562	0.99763
3061.87125	0.99870
3060.90688	0.99838
3059.94251	0.99813
3058.97814	0.99822
3058.01377	0.99703
3057.04940	0.99457
3056.08503	0.99409
3055.12066	0.99647
3054.15630	0.99874
3053.19193	0.99959
3052.22756	1.00004
3051.26319	1.00000
3050.29882	0.99865
3049.33445	0.99660
3048.37008	0.99630
3047.40571	0.99796
3046.44134	0.99963
3045.47698	1.00037
3044.51261	1.00055
3043.54824	1.00066
3042.58387	1.00082
3041.61950	1.00113
3040.65513	1.00161
3039.69076	1.00170
3038.72639	1.00119
3037.76202	1.00046
3036.79766	0.99963
3035.83329	0.99847
3034.86892	0.99737
3033.90455	0.99661
3032.94018	0.99495
3031.97581	0.99292
3031.01144	0.99378
3030.04707	0.99740
3029.08270	0.99999
3028.11833	1.00003
3027.15397	0.99870
3026.18960	0.99783
3025.22523	0.99835
3024.26086	0.99914
3023.29649	0.99921
3022.33212	0.99930
3021.36775	0.99989
3020.40338	1.00000
3019.43901	0.99870
3018.47465	0.99659
3017.51028	0.99520
3016.54591	0.99479
3015.58154	0.99548
3014.61717	0.99669
3013.65280	0.99637
3012.68843	0.99535
3011.72406	0.99580
3010.75969	0.99703
3009.79533	0.99828
3008.83096	0.99951
3007.86659	1.00011
3006.90222	0.99998
3005.93785	0.99908
3004.97348	0.99794
3004.00911	0.99807
3003.04474	0.99949
3002.08037	1.00066
3001.11601	1.00103
3000.15164	1.00078
2999.18727	1.00030
2998.22290	1.00030
2997.25853	1.00068
2996.29416	1.00078
2995.32979	1.00028
2994.36542	0.99975
2993.40105	0.99976
2992.43669	1.00000
2991.47232	1.00032
2990.50795	0.99997
2989.54358	0.99917
2988.57921	0.99887
2987.61484	0.99963
2986.65047	1.00082
2985.68610	1.00139
2984.72173	1.00124
2983.75737	1.00091
2982.79300	1.00068
2981.82863	1.00053
2980.86426	1.00000
2979.89989	0.99915
2978.93552	0.99834
2977.97115	0.99801
2977.00678	0.99789
2976.04241	0.99745
2975.07805	0.99653
2974.11368	0.99533
2973.14931	0.99413
2972.18494	0.99305
2971.22057	0.99162
2970.25620	0.98945
2969.29183	0.98688
2968.32746	0.98490
2967.36309	0.98366
2966.39873	0.98239
2965.43436	0.98131
2964.46999	0.98086
2963.50562	0.98046
2962.54125	0.98001
2961.57688	0.98015
2960.61251	0.98084
2959.64814	0.98157
2958.68377	0.98239
2957.71941	0.98371
2956.75504	0.98554
2955.79067	0.98754
2954.82630	0.98940
2953.86193	0.99118
2952.89756	0.99290
2951.93319	0.99432
2950.96882	0.99563
2950.00445	0.99665
2949.04009	0.99731
2948.07572	0.99831
2947.11135	0.99954
2946.14698	1.00018
2945.18261	1.00009
2944.21824	0.99993
2943.25387	1.00008
2942.28950	1.00000
2941.32513	0.99857
2940.36077	0.99676
2939.39640	0.99473
2938.43203	0.99245
2937.46766	0.99045
2936.50329	0.98898
2935.53892	0.98758
2934.57455	0.98589
2933.61018	0.98417
2932.64581	0.98272
2931.68145	0.98144
2930.71708	0.98029
2929.75271	0.97923
2928.78834	0.97796
2927.82397	0.97657
2926.85960	0.97559
2925.89523	0.97541
2924.93086	0.97590
2923.96649	0.97662
2923.00213	0.97764
2922.03776	0.97904
2921.07339	0.98033
2920.10902	0.98160
2919.14465	0.98338
2918.18028	0.98525
2917.21591	0.98696
2916.25154	0.98898
2915.28717	0.99129
2914.32281	0.99347
2913.35844	0.99501
2912.39407	0.99585
2911.42970	0.99677
2910.46533	0.99815
2909.50096	0.99932
2908.53659	1.00000
2907.57222	1.00025
2906.60785	1.00055
2905.64349	1.00091
2904.67912	1.00152
2903.71475	1.00224
2902.75038	1.00258
2901.78601	1.00257
2900.82164	1.00272
2899.85727	1.00294
2898.89290	1.00300
2897.92853	1.00317
2896.96417	1.00367
2895.99980	1.00428
2895.03543	1.00454
2894.07106	1.00441
2893.10669	1.00424
2892.14232	1.00418
2891.17795	1.00425
2890.21358	1.00447
2889.24921	1.00470
2888.28484	1.00463
2887.32048	1.00423
2886.35611	1.00381
2885.39174	1.00355
2884.42737	1.00336
2883.46300	1.00296
2882.49863	1.00214
2881.53426	1.00105
2880.56989	1.00000
2879.60552	0.99988
2878.64116	0.99991
2877.67679	1.00016
2876.71242	1.00045
2875.74805	1.00057
2874.78368	1.00053
2873.81931	1.00048
2872.85494	1.00055
2871.89057	1.00071
2870.92620	1.00089
2869.96184	1.00106
2868.99747	1.00115
2868.03310	1.00123
2867.06873	1.00143
2866.10436	1.00160
2865.13999	1.00156
2864.17562	1.00137
2863.21125	1.00116
2862.24688	1.00091
2861.28252	1.00056
2860.31815	0.99999
2859.35378	0.99924
2858.38941	0.99867
2857.42504	0.99835
2856.46067	0.99809
2855.49630	0.99791
2854.53193	0.99808
2853.56756	0.99885
2852.60320	1.00000
2851.63883	1.00009
2850.67446	1.00038
2849.71009	1.00098
2848.74572	1.00191
2847.78135	1.00298
2846.81698	1.00379
2845.85261	1.00455
2844.88824	1.00550
2843.92388	1.00616
2842.95951	1.00638
2841.99514	1.00661
2841.03077	1.00688
2840.06640	1.00703
2839.10203	1.00718
2838.13766	1.00720
2837.17329	1.00690
2836.20892	1.00646
2835.24456	1.00618
2834.28019	1.00608
2833.31582	1.00592
2832.35145	1.00531
2831.38708	1.00427
2830.42271	1.00330
2829.45834	1.00255
2828.49397	1.00186
2827.52960	1.00142
2826.56524	1.00118
2825.60087	1.00079
2824.63650	1.00000
2823.67213	0.99971
2822.70776	0.99944
2821.74339	0.99949
2820.77902	0.99960
2819.81465	0.99952
2818.85028	0.99958
2817.88592	0.99988
2816.92155	1.00018
2815.95718	1.00026
2814.99281	1.00011
2814.02844	0.99994
2813.06407	0.99993
2812.09970	1.00014
2811.13533	1.00037
2810.17096	1.00038
2809.20660	1.00010
2808.24223	0.99958
2807.27786	0.99921
2806.31349	0.99930
2805.34912	0.99961
2804.38475	0.99989
2803.42038	1.00008
2802.45601	1.00009
2801.49164	0.99986
2800.52728	0.99961
2799.56291	0.99940
2798.59854	0.99928
2797.63417	0.99950
2796.66980	1.00000
2795.70543	1.00033
2794.74106	1.00021
2793.77669	0.99988
2792.81232	0.99958
2791.84796	0.99943
2790.88359	0.99955
2789.91922	0.99993
2788.95485	1.00025
2787.99048	1.00021
2787.02611	1.00003
2786.06174	1.00007
2785.09737	1.00024
2784.13300	1.00041
2783.16864	1.00055
2782.20427	1.00055
2781.23990	1.00050
2780.27553	1.00038
2779.31116	1.00007
2778.34679	0.99992
2777.38242	1.00012
2776.41805	1.00027
2775.45368	1.00021
2774.48932	1.00015
2773.52495	1.00011
2772.56058	0.99994
2771.59621	0.99981
2770.63184	0.99989
2769.66747	1.00005
2768.70310	1.00000
2767.73873	0.99988
2766.77436	0.99999
2765.81000	1.00022
2764.84563	1.00050
2763.88126	1.00093
2762.91689	1.00110
2761.95252	1.00084
2760.98815	1.00058
2760.02378	1.00057
2759.05941	1.00051
2758.09504	1.00030
2757.13068	1.00028
2756.16631	1.00052
2755.20194	1.00054
2754.23757	1.00019
2753.27320	0.99989
2752.30883	1.00000
2751.34446	1.00045
2750.38009	1.00085
2749.41572	1.00088
2748.45135	1.00067
2747.48699	1.00047
2746.52262	1.00015
2745.55825	0.99979
2744.59388	0.99979
2743.62951	1.00015
2742.66514	1.00041
2741.70077	1.00030
2740.73640	1.00000
2739.77203	0.99984
2738.80767	0.99980
2737.84330	0.99978
2736.87893	0.99974
2735.91456	0.99974
2734.95019	0.99970
2733.98582	0.99965
2733.02145	0.99965
2732.05708	0.99971
2731.09271	0.99992
2730.12835	1.00012
2729.16398	0.99998
2728.19961	0.99980
2727.23524	1.00004
2726.27087	1.00050
2725.30650	1.00056
2724.34213	1.00014
2723.37776	0.99995
2722.41339	1.00037
2721.44903	1.00095
2720.48466	1.00096
2719.52029	1.00055
2718.55592	1.00043
2717.59155	1.00053
2716.62718	1.00047
2715.66281	1.00021
2714.69844	0.99984
2713.73407	0.99977
2712.76971	1.00000
2711.80534	1.00018
2710.84097	1.00018
2709.87660	1.00004
2708.91223	0.99990
2707.94786	1.00010
2706.98349	1.00052
2706.01912	1.00060
2705.05475	1.00042
2704.09039	1.00046
2703.12602	1.00064
2702.16165	1.00067
2701.19728	1.00053
2700.23291	1.00047
2699.26854	1.00061
2698.30417	1.00063
2697.33980	1.00030
2696.37543	1.00006
2695.41107	1.00035
2694.44670	1.00085
2693.48233	1.00101
2692.51796	1.00074
2691.55359	1.00044
2690.58922	1.00014
2689.62485	0.99979
2688.66048	0.99972
2687.69611	0.99994
2686.73175	1.00008
2685.76738	1.00008
2684.80301	1.00000
2683.83864	1.00000
2682.87427	1.00038
2681.90990	1.00076
2680.94553	1.00057
2679.98116	1.00022
2679.01679	1.00024
2678.05243	1.00037
2677.08806	1.00039
2676.12369	1.00046
2675.15932	1.00049
2674.19495	1.00038
2673.23058	1.00023
2672.26621	1.00025
2671.30184	1.00039
2670.33747	1.00038
2669.37311	1.00020
2668.40874	0.99998
2667.44437	0.99969
2666.48000	0.99944
2665.51563	0.99948
2664.55126	0.99987
2663.58689	1.00022
2662.62252	1.00019
2661.65815	1.00008
2660.69379	1.00023
2659.72942	1.00038
2658.76505	1.00037
2657.80068	1.00025
2656.83631	1.00000
2655.87194	0.99982
2654.90757	0.99978
2653.94320	0.99972
2652.97883	0.99983
2652.01447	1.00020
2651.05010	1.00038
2650.08573	1.00018
2649.12136	0.99997
2648.15699	0.99986
2647.19262	0.99993
2646.22825	1.00017
2645.26388	1.00013
2644.29951	0.99988
2643.33515	0.99981
2642.37078	0.99971
2641.40641	0.99952
2640.44204	0.99958
2639.47767	0.99976
2638.51330	0.99973
2637.54893	0.99969
2636.58456	0.99984
2635.62019	1.00006
2634.65583	1.00016
2633.69146	1.00001
2632.72709	0.99981
2631.76272	0.99986
2630.79835	1.00005
2629.83398	1.00009
2628.86961	1.00000
2627.90524	1.00010
2626.94087	1.00017
2625.97651	0.99994
2625.01214	0.99973
2624.04777	0.99967
2623.08340	0.99946
2622.11903	0.99933
2621.15466	0.99940
2620.19029	0.99947
2619.22592	0.99954
2618.26155	0.99958
2617.29719	0.99961
2616.33282	0.99971
2615.36845	0.99991
2614.40408	1.00016
2613.43971	1.00034
2612.47534	1.00026
2611.51097	1.00008
2610.54660	1.00005
2609.58223	1.00003
2608.61786	0.99981
2607.65350	0.99960
2606.68913	0.99977
2605.72476	1.00016
2604.76039	1.00032
2603.79602	1.00021
2602.83165	1.00005
2601.86728	0.99994
2600.90291	1.00000
2599.93854	1.00009
2598.97418	1.00002
2598.00981	0.99996
2597.04544	0.99999
2596.08107	0.99995
2595.11670	0.99985
2594.15233	0.99981
2593.18796	1.00001
2592.22359	1.00036
2591.25922	1.00045
2590.29486	1.00024
2589.33049	1.00010
2588.36612	1.00006
2587.40175	0.99986
2586.43738	0.99965
2585.47301	0.99963
2584.50864	0.99961
2583.54427	0.99957
2582.57990	0.99973
2581.61554	0.99986
2580.65117	0.99986
2579.68680	0.99993
2578.72243	0.99996
2577.75806	0.99985
2576.79369	0.99983
2575.82932	0.99990
2574.86495	0.99990
2573.90058	0.99992
2572.93622	1.00000
2571.97185	0.99993
2571.00748	0.99972
2570.04311	0.99974
2569.07874	0.99990
2568.11437	0.99993
2567.15000	0.99995
2566.18563	0.99994
2565.22126	0.99988
2564.25690	0.99995
2563.29253	0.99995
2562.32816	0.99987
2561.36379	0.99994
2560.39942	1.00014
2559.43505	1.00044
2558.47068	1.00065
2557.50631	1.00049
2556.54194	1.00016
2555.57758	1.00004
2554.61321	1.00000
2553.64884	0.99990
2552.68447	0.99987
2551.72010	0.99984
2550.75573	0.99965
2549.79136	0.99949
2548.82699	0.99955
2547.86262	0.99970
2546.89826	0.99976
2545.93389	0.99984
2544.96952	1.00000
2544.00515	0.99996
2543.04078	0.99965
2542.07641	0.99949
2541.11204	0.99950
2540.14767	0.99958
2539.18330	0.99980
2538.21894	0.99993
2537.25457	0.99984
2536.29020	0.99987
2535.32583	0.99995
2534.36146	0.99990
2533.39709	0.99986
2532.43272	0.99994
2531.46835	1.00010
2530.50398	1.00029
2529.53962	1.00039
2528.57525	1.00038
2527.61088	1.00029
2526.64651	1.00001
2525.68214	0.99969
2524.71777	0.99956
2523.75340	0.99961
2522.78903	0.99975
2521.82466	0.99980
2520.86030	0.99983
2519.89593	0.99997
2518.93156	1.00008
2517.96719	1.00002
2517.00282	1.00000
2516.03845	1.00020
2515.07408	1.00019
2514.10971	0.99953
2513.14534	0.99882
2512.18098	0.99874
2511.21661	0.99918
2510.25224	0.99965
2509.28787	0.99991
2508.32350	1.00007
2507.35913	1.00010
2506.39476	1.00005
2505.43039	1.00006
2504.46602	1.00001
2503.50166	0.99986
2502.53729	0.99982
2501.57292	0.99983
2500.60855	0.99982
2499.64418	0.99978
2498.67981	0.99963
2497.71544	0.99958
2496.75107	0.99968
2495.78670	0.99971
2494.82234	0.99967
2493.85797	0.99963
2492.89360	0.99970
2491.92923	0.99974
2490.96486	0.99966
2490.00049	0.99974
2489.03612	1.00000
2488.07175	1.00009
2487.10738	0.99997
2486.14302	0.99989
2485.17865	0.99980
2484.21428	0.99972
2483.24991	0.99981
2482.28554	0.99989
2481.32117	0.99982
2480.35680	0.99983
2479.39243	1.00000
2478.42806	1.00011
2477.46370	0.99998
2476.49933	0.99981
2475.53496	0.99975
2474.57059	0.99992
2473.60622	1.00021
2472.64185	1.00021
2471.67748	1.00005
2470.71311	1.00004
2469.74874	1.00003
2468.78438	0.99991
2467.82001	0.99979
2466.85564	0.99978
2465.89127	1.00001
2464.92690	1.00029
2463.96253	1.00042
2462.99816	1.00043
2462.03379	1.00028
2461.06942	1.00000
2460.10505	0.99990
2459.14069	1.00019
2458.17632	1.00058
2457.21195	1.00054
2456.24758	1.00004
2455.28321	0.99963
2454.31884	0.99966
2453.35447	0.99985
2452.39010	0.99982
2451.42573	0.99955
2450.46137	0.99938
2449.49700	0.99956
2448.53263	0.99987
2447.56826	1.00003
2446.60389	1.00013
2445.63952	1.00027
2444.67515	1.00038
2443.71078	1.00029
2442.74641	1.00009
2441.78205	0.99990
2440.81768	0.99963
2439.85331	0.99947
2438.88894	0.99960
2437.92457	0.99966
2436.96020	0.99953
2435.99583	0.99965
2435.03146	1.00010
2434.06709	1.00035
2433.10273	1.00000
2432.13836	0.99946
2431.17399	0.99924
2430.20962	0.99942
2429.24525	0.99961
2428.28088	0.99966
2427.31651	0.99973
2426.35214	0.99973
2425.38777	0.99959
2424.42341	0.99957
2423.45904	0.99982
2422.49467	1.00016
2421.53030	1.00039
2420.56593	1.00038
2419.60156	1.00026
2418.63719	1.00025
2417.67282	1.00022
2416.70845	1.00015
2415.74409	1.00032
2414.77972	1.00060
2413.81535	1.00062
2412.85098	1.00048
2411.88661	1.00050
2410.92224	1.00064
2409.95787	1.00059
2408.99350	1.00048
2408.02913	1.00049
2407.06477	1.00045
2406.10040	1.00026
2405.13603	1.00000
2404.17166	0.99988
2403.20729	1.00002
2402.24292	1.00014
2401.27855	0.99987
2400.31418	0.99960
2399.34981	0.99973
2398.38545	0.99985
2397.42108	0.99973
2396.45671	0.99967
2395.49234	0.99991
2394.52797	1.00025
2393.56360	1.00030
2392.59923	1.00000
2391.63486	0.99956
2390.67049	0.99863
2389.70613	0.99696
2388.74176	0.99413
2387.77739	0.98919
2386.81302	0.98134
2385.84865	0.96985
2384.88428	0.95341
2383.91991	0.93074
2382.95554	0.90157
2381.99117	0.86627
2381.02681	0.82564
2380.06244	0.78109
2379.09807	0.73446
2378.13370	0.68757
2377.16933	0.64148
2376.20496	0.59684
2375.24059	0.55438
2374.27622	0.51438
2373.31185	0.47684
2372.34749	0.44184
2371.38312	0.40970
2370.41875	0.38079
2369.45438	0.35516
2368.49001	0.33253
2367.52564	0.31269
2366.56127	0.29533
2365.59690	0.28019
2364.63253	0.26780
2363.66817	0.25867
2362.70380	0.25271
2361.73943	0.24940
2360.77506	0.24795
2359.81069	0.24829
2358.84632	0.25172
2357.88195	0.26004
2356.91758	0.27283
2355.95321	0.28841
2354.98885	0.30895
2354.02448	0.33784
2353.06011	0.37362
2352.09574	0.41613
2351.13137	0.47254
2350.16700	0.54089
2349.20263	0.58494
2348.23826	0.56473
2347.27389	0.49878
2346.30953	0.43617
2345.34516	0.39625
2344.38079	0.37586
2343.41642	0.36709
2342.45205	0.36292
2341.48768	0.36017
2340.52331	0.35894
2339.55894	0.36202
2338.59457	0.36789
2337.63021	0.37091
2336.66584	0.37302
2335.70147	0.38021
2334.73710	0.38703
2333.77273	0.38775
2332.80836	0.38635
2331.84399	0.38652
2330.87962	0.39039
2329.91525	0.39897
2328.95089	0.41174
2327.98652	0.42660
2327.02215	0.44110
2326.05778	0.45289
2325.09341	0.45995
2324.12904	0.46515
2323.16467	0.47378
2322.20030	0.48772
2321.23593	0.50509
2320.27156	0.52548
2319.30720	0.54902
2318.34283	0.57491
2317.37846	0.60041
2316.41409	0.62154
2315.44972	0.63855
2314.48535	0.65129
2313.52098	0.66283
2312.55661	0.67743
2311.59224	0.69416
2310.62788	0.71259
2309.66351	0.73130
2308.69914	0.75004
2307.73477	0.76858
2306.77040	0.78689
2305.80603	0.80577
2304.84166	0.82327
2303.87729	0.83832
2302.91292	0.85067
2301.94856	0.86149
2300.98419	0.87152
2300.01982	0.88180
2299.05545	0.89220
2298.09108	0.90101
2297.12671	0.90940
2296.16234	0.91740
2295.19797	0.92538
2294.23360	0.93275
2293.26924	0.93943
2292.30487	0.94678
2291.34050	0.95384
2290.37613	0.96079
2289.41176	0.96700
2288.44739	0.97313
2287.48302	0.97961
2286.51865	0.98564
2285.55428	0.99164
2284.58992	0.99644
2283.62555	0.99961
2282.66118	1.00000
2281.69681	0.99782
2280.73244	0.99539
2279.76807	0.99293
2278.80370	0.99092
2277.83933	0.98901
2276.87496	0.98740
2275.91060	0.98613
2274.94623	0.98524
2273.98186	0.98466
2273.01749	0.98389
2272.05312	0.98328
2271.08875	0.98297
2270.12438	0.98290
2269.16001	0.98261
2268.19564	0.98257
2267.23128	0.98321
2266.26691	0.98394
2265.30254	0.98442
2264.33817	0.98482
2263.37380	0.98566
2262.40943	0.98654
2261.44506	0.98733
2260.48069	0.98818
2259.51632	0.98911
2258.55196	0.98994
2257.58759	0.99052
2256.62322	0.99123
2255.65885	0.99194
2254.69448	0.99281
2253.73011	0.99380
2252.76574	0.99468
2251.80137	0.99547
2250.83700	0.99602
2249.87264	0.99635
2248.90827	0.99661
2247.94390	0.99714
2246.97953	0.99775
2246.01516	0.99819
2245.05079	0.99865
2244.08642	0.99920
2243.12205	0.99969
2242.15768	0.99999
2241.19332	1.00012
2240.22895	0.99994
2239.26458	0.99978
2238.30021	0.99983
2237.33584	1.00000
2236.37147	1.00033
2235.40710	1.00028
2234.44273	1.00000
2233.47836	0.99996
2232.51400	1.00028
2231.54963	1.00058
2230.58526	1.00084
2229.62089	1.00116
2228.65652	1.00132
2227.69215	1.00138
2226.72778	1.00149
2225.76341	1.00179
2224.79904	1.00192
2223.83468	1.00167
2222.87031	1.00141
2221.90594	1.00135
2220.94157	1.00142
2219.97720	1.00140
2219.01283	1.00136
2218.04846	1.00133
2217.08409	1.00121
2216.11972	1.00102
2215.15536	1.00087
2214.19099	1.00071
2213.22662	1.00052
2212.26225	1.00048
2211.29788	1.00037
2210.33351	1.00011
2209.36914	1.00000
2208.40477	1.00025
2207.44040	1.00048
2206.47604	1.00058
2205.51167	1.00076
2204.54730	1.00083
2203.58293	1.00063
2202.61856	1.00047
2201.65419	1.00043
2200.68982	1.00027
2199.72545	1.00015
2198.76108	1.00019
2197.79672	1.00008
2196.83235	0.99993
2195.86798	1.00009
2194.90361	1.00036
2193.93924	1.00032
2192.97487	1.00019
2192.01050	1.00009
2191.04613	0.99962
2190.08176	0.99926
2189.11740	0.99950
2188.15303	0.99952
2187.18866	0.99913
2186.22429	0.99930
2185.25992	0.99987
2184.29555	0.99982
2183.33118	0.99964
2182.36681	0.99998
2181.40244	1.00000
2180.43807	0.99947
2179.47371	0.99954
2178.50934	1.00023
2177.54497	1.00031
2176.58060	0.99975
2175.61623	0.99970
2174.65186	1.00011
2173.68749	1.00013
2172.72312	1.00002
2171.75875	1.00024
2170.79439	1.00016
2169.83002	0.99967
2168.86565	0.99953
2167.90128	0.99980
2166.93691	0.99989
2165.97254	0.99974
2165.00817	0.99972
2164.04380	0.99977
2163.07943	0.99938
2162.11507	0.99900
2161.15070	0.99939
2160.18633	0.99992
2159.22196	0.99987
2158.25759	0.99975
2157.29322	0.99997
2156.32885	1.00004
2155.36448	0.99982
2154.40011	0.99984
2153.43575	1.00000
2152.47138	0.99981
2151.50701	0.99952
2150.54264	0.99964
2149.57827	1.00010
2148.61390	1.00036
2147.64953	1.00021
2146.68516	0.99988
2145.72079	0.99952
2144.75643	0.99931
2143.79206	0.99945
2142.82769	0.99996
2141.86332	1.00049
2140.89895	1.00051
2139.93458	1.00008
2138.97021	0.99975
2138.00584	0.99956
2137.04147	0.99918
2136.07711	0.99911
2135.11274	0.99973
2134.14837	1.00016
2133.18400	0.99986
2132.21963	0.99947
2131.25526	0.99965
2130.29089	1.00022
2129.32652	1.00039
2128.36215	0.99995
2127.39779	0.99961
2126.43342	0.99984
2125.46905	1.00000
2124.50468	0.99943
2123.54031	0.99903
2122.57594	0.99935
2121.61157	0.99960
2120.64720	0.99943
2119.68283	0.99947
2118.71847	0.99990
2117.75410	0.99998
2116.78973	0.99913
2115.82536	0.99800
2114.86099	0.99803
2113.89662	0.99918
2112.93225	0.99981
2111.96788	0.99960
2111.00351	0.99940
2110.03915	0.99949
2109.07478	0.99960
2108.11041	0.99959
2107.14604	0.99973
2106.18167	1.00012
2105.21730	1.00038
2104.25293	1.00021
2103.28856	1.00016
2102.32419	1.00065
2101.35983	1.00092
2100.39546	1.00032
2099.43109	0.99953
2098.46672	0.99946
2097.50235	1.00000
2096.53798	1.00029
2095.57361	1.00014
2094.60924	1.00013
2093.64487	1.00053
2092.68051	1.00078
2091.71614	0.99955
2090.75177	0.99710
2089.78740	0.99664
2088.82303	0.99852
2087.85866	0.99964
2086.89429	0.99971
2085.92992	1.00007
2084.96555	1.00056
2084.00119	1.00079
2083.03682	1.00082
2082.07245	1.00081
2081.10808	1.00082
2080.14371	1.00068
2079.17934	1.00012
2078.21497	0.99942
2077.25060	0.99926
2076.28623	0.99971
2075.32187	0.99983
2074.35750	0.99960
2073.39313	0.99985
2072.42876	1.00030
2071.46439	1.00034
2070.50002	1.00009
2069.53565	1.00000
2068.57128	1.00023
2067.60691	0.99963
2066.64255	0.99616
2065.67818	0.99110
2064.71381	0.99048
2063.74944	0.99529
2062.78507	0.99943
2061.82070	1.00003
2060.85633	0.99927
2059.89196	0.99924
2058.92759	0.99988
2057.96323	1.00031
2056.99886	1.00050
2056.03449	1.00072
2055.07012	1.00098
2054.10575	1.00108
2053.14138	1.00094
2052.17701	1.00088
2051.21264	1.00099
2050.24827	1.00120
2049.28391	1.00129
2048.31954	1.00103
2047.35517	1.00059
2046.39080	1.00033
2045.42643	1.00000
2044.46206	0.99935
2043.49769	0.99840
2042.53332	0.99552
2041.56895	0.99255
2040.60458	0.99431
2039.64022	0.99847
2038.67585	1.00021
2037.71148	1.00018
2036.74711	1.00040
2035.78274	1.00084
2034.81837	1.00072
2033.85400	1.00027
2032.88963	1.00012
2031.92526	1.00023
2030.96090	1.00022
2029.99653	1.00020
2029.03216	1.00029
2028.06779	0.99998
2027.10342	0.99951
2026.13905	0.99975
2025.17468	1.00032
2024.21031	1.00011
2023.24594	0.99951
2022.28158	0.99951
2021.31721	0.99955
2020.35284	0.99782
2019.38847	0.99341
2018.42410	0.98620
2017.45973	0.97924
2016.49536	0.98102
2015.53099	0.99112
2014.56662	0.99844
2013.60226	1.00000
2012.63789	1.00001
2011.67352	1.00004
2010.70915	0.99986
2009.74478	0.99921
2008.78041	0.99837
2007.81604	0.99800
2006.85167	0.99867
2005.88730	0.99965
2004.92294	0.99998
2003.95857	0.99981
2002.99420	0.99992
2002.02983	1.00027
2001.06546	0.99991
2000.10109	0.99868
1999.13672	0.99786
1998.17235	0.99850
1997.20798	0.99948
1996.24362	0.99975
1995.27925	0.99924
1994.31488	0.99383
1993.35051	0.97617
1992.38614	0.95768
1991.42177	0.96322
1990.45740	0.98347
1989.49303	0.99067
1988.52866	0.98846
1987.56430	0.99178
1986.59993	0.99768
1985.63556	1.00000
1984.67119	1.00031
1983.70682	1.00048
1982.74245	1.00060
1981.77808	1.00063
1980.81371	1.00070
1979.84934	1.00104
1978.88498	1.00124
1977.92061	1.00112
1976.95624	1.00072
1975.99187	1.00046
1975.02750	1.00060
1974.06313	1.00096
1973.09876	1.00130
1972.13439	1.00147
1971.17002	1.00146
1970.20566	1.00040
1969.24129	0.99328
1968.27692	0.97741
1967.31255	0.96723
1966.34818	0.97543
1965.38381	0.99050
1964.41944	0.99897
1963.45507	1.00095
1962.49070	0.99995
1961.52634	0.99838
1960.56197	0.99858
1959.59760	0.99995
1958.63323	1.00036
1957.66886	1.00000
1956.70449	0.99859
1955.74012	0.99626
1954.77575	0.99565
1953.81138	0.99788
1952.84702	0.99998
1951.88265	1.00055
1950.91828	1.00075
1949.95391	1.00061
1948.98954	1.00010
1948.02517	0.99764
1947.06080	0.99162
1946.09643	0.98634
1945.13206	0.98446
1944.16770	0.96851
1943.20333	0.93643
1942.23896	0.93153
1941.27459	0.96419
1940.31022	0.99193
1939.34585	0.99922
1938.38148	1.00010
1937.41711	1.00056
1936.45274	1.00063
1935.48838	1.00022
1934.52401	0.99888
1933.55964	0.99736
1932.59527	0.99727
1931.63090	0.99853
1930.66653	0.99955
1929.70216	1.00000
1928.73779	1.00023
1927.77342	1.00006
1926.80906	0.99978
1925.84469	0.99817
1924.88032	0.98631
1923.91595	0.95969
1922.95158	0.94390
1921.98721	0.95983
1921.02284	0.98381
1920.05847	0.97854
1919.09410	0.93427
1918.12974	0.90164
1917.16537	0.92977
1916.20100	0.97770
1915.23663	0.99729
1914.27226	0.99952
1913.30789	0.99973
1912.34352	0.99742
1911.37915	0.98681
1910.41478	0.97260
1909.45042	0.96925
1908.48605	0.97592
1907.52168	0.98505
1906.55731	0.99416
1905.59294	0.99838
1904.62857	0.99804
1903.66420	0.99842
1902.69983	0.99951
1901.73546	1.00000
1900.77109	1.00049
1899.80673	1.00101
1898.84236	1.00106
1897.87799	0.99952
1896.91362	0.99085
1895.94925	0.97507
1894.98488	0.97036
1894.02051	0.98348
1893.05614	0.99603
1892.09177	0.99488
1891.12741	0.96967
1890.16304	0.93101
1889.19867	0.92796
1888.23430	0.96507
1887.26993	0.99294
1886.30556	0.99656
1885.34119	0.99272
1884.37682	0.99242
1883.41245	0.99694
1882.44809	1.00063
1881.48372	1.00114
1880.51935	0.99986
1879.55498	0.99862
1878.59061	0.99890
1877.62624	0.99975
1876.66187	1.00000
1875.69750	1.00002
1874.73313	1.00030
1873.76877	1.00000
1872.80440	0.99747
1871.84003	0.98413
1870.87566	0.93919
1869.91129	0.87165
1868.94692	0.84180
1867.98255	0.87204
1867.01818	0.92015
1866.05381	0.95875
1865.08945	0.98448
1864.12508	0.99595
1863.16071	0.99733
1862.19634	0.99488
1861.23197	0.99385
1860.26760	0.99435
1859.30323	0.99365
1858.33886	0.99348
1857.37449	0.99631
1856.41013	0.99894
1855.44576	0.99994
1854.48139	1.00052
1853.51702	1.00034
1852.55265	1.00010
1851.58828	1.00000
1850.62391	0.99870
1849.65954	0.98882
1848.69517	0.96838
1847.73081	0.95685
1846.76644	0.95235
1845.80207	0.89642
1844.83770	0.80081
1843.87333	0.79283
1842.90896	0.88539
1841.94459	0.96219
1840.98022	0.98922
1840.01585	0.99687
1839.05149	0.99311
1838.08712	0.98016
1837.12275	0.97371
1836.15838	0.98317
1835.19401	0.99355
1834.22964	0.99382
1833.26527	0.99050
1832.30090	0.97451
1831.33653	0.91347
1830.37217	0.83854
1829.40780	0.84066
1828.44343	0.91457
1827.47906	0.96139
1826.51469	0.93027
1825.55032	0.88068
1824.58595	0.89705
1823.62158	0.95388
1822.65721	0.98495
1821.69285	0.99424
1820.72848	0.99958
1819.76411	1.00000
1818.79974	0.99269
1817.83537	0.98346
1816.87100	0.98554
1815.90663	0.99521
1814.94226	1.00000
1813.97789	0.99594
1813.01353	0.98147
1812.04916	0.95362
1811.08479	0.92916
1810.12042	0.93868
1809.15605	0.96690
1808.19168	0.97942
1807.22731	0.98412
1806.26294	0.99257
1805.29857	0.99617
1804.33421	0.98718
1803.36984	0.95767
1802.40547	0.92389
1801.44110	0.90692
1800.47673	0.89494
1799.51236	0.90160
1798.54799	0.94183
1797.58362	0.96833
1796.61925	0.95848
1795.65489	0.95141
1794.69052	0.93444
1793.72615	0.85574
1792.76178	0.77592
1791.79741	0.78848
1790.83304	0.86554
1789.86867	0.94104
1788.90430	0.98634
1787.93993	1.00054
1786.97557	0.99126
1786.01120	0.95578
1785.04683	0.92809
1784.08246	0.94838
1783.11809	0.97869
1782.15372	0.96486
1781.18935	0.92730
1780.22498	0.92438
1779.26061	0.95862
1778.29625	0.98593
1777.33188	0.98199
1776.36751	0.95459
1775.40314	0.93378
1774.43877	0.89197
1773.47440	0.78442
1772.51003	0.70179
1771.54566	0.74406
1770.58129	0.85161
1769.61693	0.89552
1768.65256	0.86620
1767.68819	0.87812
1766.72382	0.94933
1765.75945	0.99536
1764.79508	1.00000
1763.83071	0.96882
1762.86634	0.88838
1761.90197	0.83412
1760.93760	0.88226
1759.97324	0.95886
1759.00887	0.97253
1758.04450	0.92623
1757.08013	0.88310
1756.11576	0.90877
1755.15139	0.96882
1754.18702	0.98993
1753.22265	0.94478
1752.25828	0.83758
1751.29392	0.76396
1750.32955	0.78513
1749.36518	0.81603
1748.40081	0.82563
1747.43644	0.85855
1746.47207	0.90471
1745.50770	0.92835
1744.54333	0.91176
1743.57896	0.88928
1742.61460	0.90748
1741.65023	0.90935
1740.68586	0.83788
1739.72149	0.79784
1738.75712	0.86368
1737.79275	0.93916
1736.82838	0.93283
1735.86401	0.81026
1734.89964	0.63007
1733.93528	0.57396
1732.97091	0.70137
1732.00654	0.85072
1731.04217	0.89154
1730.07780	0.88539
1729.11343	0.92300
1728.14906	0.97387
1727.18469	0.99323
1726.22032	0.99439
1725.25596	0.98489
1724.29159	0.96385
1723.32722	0.95363
1722.36285	0.96560
1721.39848	0.97167
1720.43411	0.92378
1719.46974	0.79022
1718.50537	0.63920
1717.54100	0.60733
1716.57664	0.68361
1715.61227	0.73881
1714.64790	0.77372
1713.68353	0.85177
1712.71916	0.93029
1711.75479	0.95431
1710.79042	0.94166
1709.82605	0.93891
1708.86168	0.94481
1707.89732	0.90398
1706.93295	0.82690
1705.96858	0.78412
1705.00421	0.79084
1704.03984	0.83204
1703.07547	0.86197
1702.11110	0.76153
1701.14673	0.54451
1700.18236	0.46141
1699.21800	0.61165
1698.25363	0.76176
1697.28926	0.71946
1696.32489	0.59735
1695.36052	0.62527
1694.39615	0.79784
1693.43178	0.92646
1692.46741	0.95673
1691.50304	0.93813
1690.53868	0.90277
1689.57431	0.87974
1688.60994	0.87944
1687.64557	0.88826
1686.68120	0.83416
1685.71683	0.66135
1684.75246	0.49891
1683.78809	0.51903
1682.82372	0.68509
1681.85936	0.82330
1680.89499	0.85890
1679.93062	0.86831
1678.96625	0.90667
1678.00188	0.92756
1677.03751	0.86279
1676.07314	0.73060
1675.10877	0.68710
1674.14440	0.78777
1673.18004	0.86257
1672.21567	0.83092
1671.25130	0.77078
1670.28693	0.70735
1669.32256	0.67627
1668.35819	0.74917
1667.39382	0.86467
1666.42945	0.92277
1665.46508	0.92531
1664.50072	0.87598
1663.53635	0.78875
1662.57198	0.75881
1661.60761	0.82186
1660.64324	0.88942
1659.67887	0.91168
1658.71450	0.91056
1657.75013	0.89952
1656.78576	0.86855
1655.82140	0.77243
1654.85703	0.58944
1653.89266	0.39804
1652.92829	0.35235
1651.96392	0.51361
1650.99955	0.72735
1650.03518	0.81153
1649.07081	0.75474
1648.10644	0.65443
1647.14208	0.58454
1646.17771	0.58994
1645.21334	0.69211
1644.24897	0.81261
1643.28460	0.86463
1642.32023	0.86948
1641.35586	0.86660
1640.39149	0.86092
1639.42712	0.83861
1638.46276	0.78231
1637.49839	0.69333
1636.53402	0.57764
1635.56965	0.51388
1634.60528	0.60161
1633.64091	0.75323
1632.67654	0.83089
1631.71217	0.84442
1630.74780	0.84048
1629.78344	0.81682
1628.81907	0.76486
1627.85470	0.73171
1626.89033	0.75797
1625.92596	0.78561
1624.96159	0.74214
1623.99722	0.66637
1623.03285	0.66720
1622.06848	0.74492
1621.10411	0.80690
1620.13975	0.82597
1619.17538	0.80857
1618.21101	0.71934
1617.24664	0.60099
1616.28227	0.60547
1615.31790	0.73303
1614.35353	0.83302
1613.38916	0.86451
1612.42479	0.87298
1611.46043	0.87307
1610.49606	0.86112
1609.53169	0.85210
1608.56732	0.85860
1607.60295	0.86866
1606.63858	0.87959
1605.67421	0.89233
1604.70984	0.89456
1603.74547	0.88617
1602.78111	0.88249
1601.81674	0.88645
1600.85237	0.89249
1599.88800	0.89879
1598.92363	0.90185
1597.95926	0.90025
1596.99489	0.89505
1596.03052	0.88889
1595.06615	0.88603
1594.10179	0.89409
1593.13742	0.90954
1592.17305	0.91926
1591.20868	0.92318
1590.24431	0.92659
1589.27994	0.93276
1588.31557	0.93985
1587.35120	0.94462
1586.38683	0.94708
1585.42247	0.94848
1584.45810	0.94955
1583.49373	0.94947
1582.52936	0.94993
1581.56499	0.95073
1580.60062	0.95026
1579.63625	0.94311
1578.67188	0.90641
1577.70751	0.79341
1576.74315	0.65237
1575.77878	0.65206
1574.81441	0.79455
1573.85004	0.90785
1572.88567	0.93747
1571.92130	0.91272
1570.95693	0.81827
1569.99256	0.71628
1569.02819	0.73605
1568.06383	0.84768
1567.09946	0.91336
1566.13509	0.89329
1565.17072	0.85593
1564.20635	0.86934
1563.24198	0.90595
1562.27761	0.87049
1561.31324	0.70495
1560.34887	0.48854
1559.38451	0.36507
1558.42014	0.38529
1557.45577	0.53883
1556.49140	0.72013
1555.52703	0.76286
1554.56266	0.72381
1553.59829	0.77577
1552.63392	0.87714
1551.66955	0.89345
1550.70519	0.83758
1549.74082	0.82161
1548.77645	0.87585
1547.81208	0.91842
1546.84771	0.87873
1545.88334	0.77952
1544.91897	0.71766
1543.95460	0.69842
1542.99023	0.63707
1542.02587	0.56018
1541.06150	0.50506
1540.09713	0.45164
1539.13276	0.48559
1538.16839	0.65944
1537.20402	0.83763
1536.23965	0.89864
1535.27528	0.83927
1534.31091	0.73053
1533.34655	0.70243
1532.38218	0.78804
1531.41781	0.88568
1530.45344	0.92772
1529.48907	0.90515
1528.52470	0.85077
1527.56033	0.81420
1526.59596	0.78053
1525.63159	0.75613
1524.66723	0.77774
1523.70286	0.77039
1522.73849	0.67121
1521.77412	0.57129
1520.80975	0.58940
1519.84538	0.71620
1518.88101	0.79152
1517.91664	0.73754
1516.95227	0.69741
1515.98791	0.75869
1515.02354	0.84544
1514.05917	0.88449
1513.09480	0.86142
1512.13043	0.83686
1511.16606	0.83999
1510.20169	0.80749
1509.23732	0.71887
1508.27295	0.59382
1507.30859	0.47307
1506.34422	0.45656
1505.37985	0.59797
1504.41548	0.80295
1503.45111	0.92884
1502.48674	0.95499
1501.52237	0.95049
1500.55800	0.92121
1499.59363	0.85120
1498.62927	0.80687
1497.66490	0.78908
1496.70053	0.75313
1495.73616	0.78764
1494.77179	0.90407
1493.80742	0.97869
1492.84305	0.96996
1491.87868	0.88823
1490.91431	0.77884
1489.94995	0.74437
1488.98558	0.78975
1488.02121	0.82447
1487.05684	0.85330
1486.09247	0.91900
1485.12810	0.97880
1484.16373	1.00000
1483.19936	0.99500
1482.23499	0.97341
1481.27063	0.96033
1480.30626	0.97425
1479.34189	0.99155
1478.37752	0.97328
1477.41315	0.90012
1476.44878	0.83275
1475.48441	0.82570
1474.52004	0.79428
1473.55567	0.69926
1472.59130	0.65230
1471.62694	0.72692
1470.66257	0.86012
1469.69820	0.94530
1468.73383	0.96463
1467.76946	0.95904
1466.80509	0.91876
1465.84072	0.83036
1464.87635	0.78300
1463.91198	0.84698
1462.94762	0.93343
1461.98325	0.96252
1461.01888	0.94120
1460.05451	0.86421
1459.09014	0.74028
1458.12577	0.60521
1457.16140	0.53110
1456.19703	0.59883
1455.23266	0.75855
1454.26830	0.88047
1453.30393	0.92160
1452.33956	0.92222
1451.37519	0.92850
1450.41082	0.93692
1449.44645	0.90356
1448.48208	0.84462
1447.51771	0.83871
1446.55334	0.88892
1445.58898	0.92663
1444.62461	0.93541
1443.66024	0.93775
1442.69587	0.93940
1441.73150	0.94202
1440.76713	0.94508
1439.80276	0.94387
1438.83839	0.90268
1437.87402	0.78009
1436.90966	0.67817
1435.94529	0.73739
1434.98092	0.87192
1434.01655	0.93495
1433.05218	0.94321
1432.08781	0.93953
1431.12344	0.90959
1430.15907	0.87787
1429.19470	0.89593
1428.23034	0.94198
1427.26597	0.96694
1426.30160	0.96609
1425.33723	0.93527
1424.37286	0.89472
1423.40849	0.89764
1422.44412	0.93423
1421.47975	0.91936
1420.51538	0.80467
1419.55102	0.69640
1418.58665	0.72231
1417.62228	0.82112
1416.65791	0.89178
1415.69354	0.93582
1414.72917	0.96253
1413.76480	0.96968
1412.80043	0.96427
1411.83606	0.95743
1410.87170	0.95760
1409.90733	0.96216
1408.94296	0.96694
1407.97859	0.96826
1407.01422	0.95403
1406.04985	0.91262
1405.08548	0.88153
1404.12111	0.90356
1403.15674	0.94370
1402.19238	0.95842
1401.22801	0.93901
1400.26364	0.87979
1399.29927	0.82659
1398.33490	0.83854
1397.37053	0.87460
1396.40616	0.86088
1395.44179	0.80900
1394.47742	0.80152
1393.51306	0.86785
1392.54869	0.93470
1391.58432	0.95541
1390.61995	0.95532
1389.65558	0.94059
1388.69121	0.88775
1387.72684	0.83247
1386.76247	0.84541
1385.79810	0.90179
1384.83374	0.93544
1383.86937	0.94450
1382.90500	0.95004
1381.94063	0.95614
1380.97626	0.95908
1380.01189	0.95723
1379.04752	0.95296
1378.08315	0.95296
1377.11878	0.95355
1376.15442	0.93349
1375.19005	0.89119
1374.22568	0.86767
1373.26131	0.89525
1372.29694	0.94464
1371.33257	0.97170
1370.36820	0.97029
1369.40383	0.95591
1368.43946	0.95183
1367.47510	0.96625
1366.51073	0.98021
1365.54636	0.97674
1364.58199	0.94090
1363.61762	0.88835
1362.65325	0.87227
1361.68888	0.89635
1360.72451	0.93042
1359.76014	0.96263
1358.79578	0.97920
1357.83141	0.98196
1356.86704	0.98258
1355.90267	0.97920
1354.93830	0.97614
1353.97393	0.98142
1353.00956	0.98961
1352.04519	0.99330
1351.08082	0.99244
1350.11646	0.98890
1349.15209	0.98820
1348.18772	0.99261
1347.22335	0.99663
1346.25898	0.99767
1345.29461	0.99738
1344.33024	0.99656
1343.36587	0.99484
1342.40150	0.98495
1341.43714	0.95546
1340.47277	0.91934
1339.50840	0.90729
1338.54403	0.92323
1337.57966	0.94511
1336.61529	0.96292
1335.65092	0.98140
1334.68655	0.99533
1333.72218	0.99927
1332.75781	0.99954
1331.79345	1.00000
1330.82908	0.99992
1329.86471	0.99946
1328.90034	0.99952
1327.93597	0.99971
1326.97160	0.99958
1326.00723	0.99960
1325.04286	0.99909
1324.07849	0.99794
1323.11413	0.99689
1322.14976	0.99477
1321.18539	0.98777
1320.22102	0.97517
1319.25665	0.96576
1318.29228	0.96662
1317.32791	0.97261
1316.36354	0.97777
1315.39917	0.97924
1314.43481	0.97473
1313.47044	0.96895
1312.50607	0.96956
1311.54170	0.97639
1310.57733	0.98172
1309.61296	0.98103
1308.64859	0.97773
1307.68422	0.97593
1306.71985	0.97523
1305.75549	0.97359
1304.79112	0.97150
1303.82675	0.96954
1302.86238	0.96731
1301.89801	0.96506
1300.93364	0.96298
1299.96927	0.96124
1299.00490	0.95952
1298.04053	0.95726
1297.07617	0.95511
1296.11180	0.95468
1295.14743	0.95587
1294.18306	0.95746
1293.21869	0.95982
1292.25432	0.96280
1291.28995	0.96560
1290.32558	0.96824
1289.36121	0.97006
1288.39685	0.97109
1287.43248	0.97427
1286.46811	0.98001
1285.50374	0.98449
1284.53937	0.98633
1283.57500	0.98709
1282.61063	0.98786
1281.64626	0.98834
1280.68189	0.98825
1279.71753	0.98866
1278.75316	0.98965
1277.78879	0.99003
1276.82442	0.98980
1275.86005	0.98949
1274.89568	0.98893
1273.93131	0.98695
1272.96694	0.98223
1272.00257	0.97710
1271.03821	0.97501
1270.07384	0.97427
1269.10947	0.97238
1268.14510	0.96946
1267.18073	0.96534
1266.21636	0.96001
1265.25199	0.95455
1264.28762	0.94940
1263.32325	0.94457
1262.35889	0.94007
1261.39452	0.93559
1260.43015	0.93398
1259.46578	0.93827
1258.50141	0.94511
1257.53704	0.95054
1256.57267	0.95483
1255.60830	0.95872
1254.64393	0.96199
1253.67957	0.96443
1252.71520	0.96641
1251.75083	0.96803
1250.78646	0.96902
1249.82209	0.96934
1248.85772	0.96912
1247.89335	0.96866
1246.92898	0.96807
1245.96461	0.96712
1245.00025	0.96576
1244.03588	0.96480
1243.07151	0.96465
1242.10714	0.96449
1241.14277	0.96371
1240.17840	0.96260
1239.21403	0.96161
1238.24966	0.96077
1237.28529	0.95991
1236.32093	0.95898
1235.35656	0.95804
1234.39219	0.95712
1233.42782	0.95627
1232.46345	0.95532
1231.49908	0.95410
1230.53471	0.95288
1229.57034	0.95181
1228.60597	0.95063
1227.64161	0.94927
1226.67724	0.94775
1225.71287	0.94625
1224.74850	0.94560
1223.78413	0.94583
1222.81976	0.94589
1221.85539	0.94557
1220.89102	0.94502
1219.92665	0.94395
1218.96229	0.94268
1217.99792	0.94190
1217.03355	0.94154
1216.06918	0.94100
1215.10481	0.94023
1214.14044	0.93921
1213.17607	0.93777
1212.21170	0.93684
1211.24733	0.93700
1210.28297	0.93699
1209.31860	0.93626
1208.35423	0.93572
1207.38986	0.93538
1206.42549	0.93450
1205.46112	0.93318
1204.49675	0.93179
1203.53238	0.93030
1202.56801	0.92874
1201.60365	0.92749
1200.63928	0.92664
1199.67491	0.92559
1198.71054	0.92416
1197.74617	0.92326
1196.78180	0.92305
1195.81743	0.92265
1194.85306	0.92204
1193.88869	0.92152
1192.92432	0.92074
1191.95996	0.91964
1190.99559	0.91872
1190.03122	0.91786
1189.06685	0.91646
1188.10248	0.91446
1187.13811	0.91266
1186.17374	0.91177
1185.20937	0.91112
1184.24500	0.90985
1183.28064	0.90783
1182.31627	0.90523
1181.35190	0.90268
1180.38753	0.90095
1179.42316	0.90031
1178.45879	0.90016
1177.49442	0.89982
1176.53005	0.89890
1175.56568	0.89695
1174.60132	0.89461
1173.63695	0.89322
1172.67258	0.89248
1171.70821	0.89150
1170.74384	0.89038
1169.77947	0.88935
1168.81510	0.88834
1167.85073	0.88698
1166.88636	0.88488
1165.92200	0.88249
1164.95763	0.88066
1163.99326	0.87906
1163.02889	0.87708
1162.06452	0.87541
1161.10015	0.87428
1160.13578	0.87283
1159.17141	0.87083
1158.20704	0.86867
1157.24268	0.86636
1156.27831	0.86355
1155.31394	0.86029
1154.34957	0.85716
1153.38520	0.85437
1152.42083	0.85181
1151.45646	0.84956
1150.49209	0.84757
1149.52772	0.84573
1148.56336	0.84420
1147.59899	0.84299
1146.63462	0.84190
1145.67025	0.84099
1144.70588	0.84054
1143.74151	0.84063
1142.77714	0.84078
1141.81277	0.84046
1140.84840	0.83978
1139.88404	0.83887
1138.91967	0.83748
1137.95530	0.83550
1136.99093	0.83303
1136.02656	0.83049
1135.06219	0.82850
1134.09782	0.82684
1133.13345	0.82451
1132.16908	0.82125
1131.20472	0.81785
1130.24035	0.81471
1129.27598	0.81182
1128.31161	0.80924
1127.34724	0.80670
1126.38287	0.80398
1125.41850	0.80149
1124.45413	0.79949
1123.48976	0.79804
1122.52540	0.79707
1121.56103	0.79612
1120.59666	0.79497
1119.63229	0.79374
1118.66792	0.79221
1117.70355	0.79023
1116.73918	0.78787
1115.77481	0.78524
1114.81044	0.78276
1113.84608	0.78050
1112.88171	0.77793
1111.91734	0.77517
1110.95297	0.77271
1109.98860	0.77040
1109.02423	0.76808
1108.05986	0.76603
1107.09549	0.76412
1106.13112	0.76198
1105.16676	0.75972
1104.20239	0.75778
1103.23802	0.75611
1102.27365	0.75434
1101.30928	0.75253
1100.34491	0.75084
1099.38054	0.74925
1098.41617	0.74763
1097.45180	0.74589
1096.48744	0.74434
1095.52307	0.74310
1094.55870	0.74179
1093.59433	0.74037
1092.62996	0.73908
1091.66559	0.73795
1090.70122	0.73672
1089.73685	0.73525
1088.77248	0.73386
1087.80812	0.73290
1086.84375	0.73217
1085.87938	0.73131
1084.91501	0.73047
1083.95064	0.72989
1082.98627	0.72913
1082.02190	0.72804
1081.05753	0.72710
1080.09316	0.72653
1079.12880	0.72613
1078.16443	0.72589
1077.20006	0.72557
1076.23569	0.72495
1075.27132	0.72427
1074.30695	0.72391
1073.34258	0.72382
1072.37821	0.72362
1071.41384	0.72318
1070.44948	0.72274
1069.48511	0.72243
1068.52074	0.72218
1067.55637	0.72185
1066.59200	0.72144
1065.62763	0.72123
1064.66326	0.72142
1063.69889	0.72190
1062.73452	0.72222
1061.77016	0.72220
1060.80579	0.72226
1059.84142	0.72277
1058.87705	0.72344
1057.91268	0.72382
1056.94831	0.72413
1055.98394	0.72488
1055.01957	0.72585
1054.05520	0.72638
1053.09083	0.72653
1052.12647	0.72685
1051.16210	0.72758
1050.19773	0.72858
1049.23336	0.72958
1048.26899	0.73017
1047.30462	0.73046
1046.34025	0.73098
1045.37588	0.73198
1044.41151	0.73319
1043.44715	0.73423
1042.48278	0.73491
1041.51841	0.73518
1040.55404	0.73515
1039.58967	0.73490
1038.62530	0.73475
1037.66093	0.73515
1036.69656	0.73586
1035.73219	0.73646
1034.76783	0.73705
1033.80346	0.73767
1032.83909	0.73826
1031.87472	0.73922
1030.91035	0.74067
1029.94598	0.74196
1028.98161	0.74299
1028.01724	0.74415
1027.05287	0.74546
1026.08851	0.74685
1025.12414	0.74840
1024.15977	0.75019
1023.19540	0.75220
1022.23103	0.75408
1021.26666	0.75562
1020.30229	0.75721
1019.33792	0.75916
1018.37355	0.76118
1017.40919	0.76306
1016.44482	0.76509
1015.48045	0.76739
1014.51608	0.76996
1013.55171	0.77267
1012.58734	0.77526
1011.62297	0.77778
1010.65860	0.78026
1009.69423	0.78246
1008.72987	0.78454
1007.76550	0.78680
1006.80113	0.78916
1005.83676	0.79119
1004.87239	0.79282
1003.90802	0.79442
1002.94365	0.79615
1001.97928	0.79792
1001.01491	0.79957
1000.05055	0.80100
999.08618	0.80212
998.12181	0.80280
997.15744	0.80313
996.19307	0.80326
995.22870	0.80351
994.26433	0.80430
993.29996	0.80523
992.33559	0.80568
991.37123	0.80575
990.40686	0.80568
989.44249	0.80545
988.47812	0.80519
987.51375	0.80516
986.54938	0.80520
985.58501	0.80479
984.62064	0.80410
983.65627	0.80372
982.69191	0.80354
981.72754	0.80313
980.76317	0.80263
979.79880	0.80238
978.83443	0.80205
977.87006	0.80125
976.90569	0.80015
975.94132	0.79914
974.97695	0.79835
974.01259	0.79764
973.04822	0.79685
972.08385	0.79589
971.11948	0.79484
970.15511	0.79387
969.19074	0.79305
968.22637	0.79227
967.26200	0.79114
966.29763	0.78970
965.33327	0.78830
964.36890	0.78713
963.40453	0.78624
962.44016	0.78540
961.47579	0.78436
960.51142	0.78314
959.54705	0.78168
958.58268	0.77990
957.61831	0.77822
956.65395	0.77680
955.68958	0.77511
954.72521	0.77316
953.76084	0.77137
952.79647	0.76966
951.83210	0.76774
950.86773	0.76561
949.90336	0.76316
948.93899	0.76024
947.97463	0.75724
947.01026	0.75458
946.04589	0.75231
945.08152	0.75017
944.11715	0.74776
943.15278	0.74498
942.18841	0.74189
941.22404	0.73874
940.25967	0.73582
939.29531	0.73306
938.33094	0.73035
937.36657	0.72787
936.40220	0.72578
935.43783	0.72370
934.47346	0.72110
933.50909	0.71815
932.54472	0.71508
931.58035	0.71182
930.61599	0.70864
929.65162	0.70565
928.68725	0.70256
927.72288	0.69945
926.75851	0.69656
925.79414	0.69349
924.82977	0.68992
923.86540	0.68622
922.90103	0.68272
921.93667	0.67913
920.97230	0.67525
920.00793	0.67138
919.04356	0.66758
918.07919	0.66394
917.11482	0.66047
916.15045	0.65681
915.18608	0.65269
914.22171	0.64835
913.25734	0.64431
912.29298	0.64055
911.32861	0.63664
910.36424	0.63262
909.39987	0.62868
908.43550	0.62472
907.47113	0.62072
906.50676	0.61674
905.54239	0.61245
904.57802	0.60738
903.61366	0.60183
902.64929	0.59665
901.68492	0.59218
900.72055	0.58829
899.75618	0.58499
898.79181	0.58223
897.82744	0.57956
896.86307	0.57672
895.89870	0.57388
894.93434	0.57119
893.96997	0.56853
893.00560	0.56577
892.04123	0.56269
891.07686	0.55910
890.11249	0.55552
889.14812	0.55269
888.18375	0.55040
887.21938	0.54779
886.25502	0.54478
885.29065	0.54191
884.32628	0.53928
883.36191	0.53676
882.39754	0.53393
881.43317	0.53079
880.46880	0.52785
879.50443	0.52502
878.54006	0.52214
877.57570	0.51943
876.61133	0.51686
875.64696	0.51432
874.68259	0.51194
873.71822	0.50986
872.75385	0.50801
871.78948	0.50622
870.82511	0.50448
869.86074	0.50267
868.89638	0.50062
867.93201	0.49857
866.96764	0.49664
866.00327	0.49462
865.03890	0.49260
864.07453	0.49070
863.11016	0.48881
862.14579	0.48688
861.18142	0.48496
860.21706	0.48320
859.25269	0.48163
858.28832	0.48013
857.32395	0.47842
856.35958	0.47650
855.39521	0.47485
854.43084	0.47377
853.46647	0.47265
852.50210	0.47099
851.53774	0.46927
850.57337	0.46803
849.60900	0.46696
848.64463	0.46543
847.68026	0.46349
846.71589	0.46200
845.75152	0.46096
844.78715	0.45957
843.82278	0.45813
842.85842	0.45736
841.89405	0.45676
840.92968	0.45554
839.96531	0.45392
839.00094	0.45242
838.03657	0.45094
837.07220	0.44913
836.10783	0.44727
835.14346	0.44609
834.17910	0.44553
833.21473	0.44487
832.25036	0.44389
831.28599	0.44257
830.32162	0.44104
829.35725	0.43957
828.39288	0.43835
827.42851	0.43737
826.46414	0.43622
825.49978	0.43453
824.53541	0.43267
823.57104	0.43123
822.60667	0.43028
821.64230	0.42946
820.67793	0.42834
819.71356	0.42700
818.74919	0.42607
817.78482	0.42545
816.82046	0.42473
815.85609	0.42406
814.89172	0.42335
813.92735	0.42244
812.96298	0.42138
811.99861	0.41999
811.03424	0.41827
810.06987	0.41666
809.10550	0.41548
808.14114	0.41456
807.17677	0.41362
806.21240	0.41256
805.24803	0.41161
804.28366	0.41112
803.31929	0.41141
802.35492	0.41214
801.39055	0.41233
800.42618	0.41193
799.46182	0.41199
798.49745	0.41334
797.53308	0.41545
796.56871	0.41721
795.60434	0.41877
794.63997	0.42088
793.67560	0.42334
792.71123	0.42533
791.74686	0.42671
790.78250	0.42826
789.81813	0.43038
788.85376	0.43247
787.88939	0.43372
786.92502	0.43435
785.96065	0.43534
784.99628	0.43686
784.03191	0.43794
783.06754	0.43835
782.10318	0.43874
781.13881	0.43921
780.17444	0.43953
779.21007	0.43971
778.24570	0.43996
777.28133	0.44049
776.31696	0.44095
775.35259	0.44104
774.38822	0.44088
773.42385	0.44053
772.45949	0.44001
771.49512	0.43931
770.53075	0.43852
769.56638	0.43805
768.60201	0.43791
767.63764	0.43757
766.67327	0.43693
765.70890	0.43613
764.74453	0.43499
763.78017	0.43408
762.81580	0.43396
761.85143	0.43396
760.88706	0.43371
759.92269	0.43348
758.95832	0.43308
757.99395	0.43249
757.02958	0.43206
756.06521	0.43161
755.10085	0.43144
754.13648	0.43202
753.17211	0.43263
752.20774	0.43273
751.24337	0.43279
750.27900	0.43323
749.31463	0.43393
748.35026	0.43453
747.38589	0.43483
746.42153	0.43450
745.45716	0.43353
744.49279	0.43245
743.52842	0.43133
742.56405	0.43011
741.59968	0.42938
740.63531	0.42930
739.67094	0.42908
738.70657	0.42872
737.74221	0.42870
736.77784	0.42841
735.81347	0.42796
734.84910	0.42842
733.88473	0.42932
732.92036	0.42939
731.95599	0.42873
730.99162	0.42814
730.02725	0.42804
729.06289	0.42814
728.09852	0.42801
727.13415	0.42770
726.16978	0.42741
725.20541	0.42752
724.24104	0.42785
723.27667	0.42737
722.31230	0.42362
721.34793	0.41541
720.38357	0.40974
719.41920	0.41308
718.45483	0.41974
717.49046	0.42299
716.52609	0.42343
715.56172	0.42266
714.59735	0.42132
713.63298	0.42006
712.66861	0.41902
711.70425	0.41795
710.73988	0.41679
709.77551	0.41560
708.81114	0.41435
707.84677	0.41301
706.88240	0.41101
705.91803	0.40829
704.95366	0.40615
703.98929	0.40511
703.02493	0.40416
702.06056	0.40225
701.09619	0.39951
700.13182	0.39657
699.16745	0.39325
698.20308	0.38948
697.23871	0.38609
696.27434	0.38325
695.30997	0.38035
694.34561	0.37738
693.38124	0.37429
692.41687	0.37082
691.45250	0.36693
690.48813	0.36243
689.52376	0.35757
688.55939	0.35356
687.59502	0.35098
686.63065	0.34887
685.66629	0.34633
684.70192	0.34332
683.73755	0.34051
682.77318	0.33821
681.80881	0.33623
680.84444	0.33450
679.88007	0.33279
678.91570	0.33147
677.95133	0.33110
676.98697	0.33140
676.02260	0.33165
675.05823	0.33150
674.09386	0.33142
673.12949	0.33198
672.16512	0.33152
671.20075	0.32179
670.23638	0.28271
669.27201	0.20501
668.30765	0.14776
667.34328	0.18568
666.37891	0.27728
665.41454	0.33054
664.45017	0.33720
663.48580	0.33091
662.52143	0.32536
661.55706	0.32189
660.59269	0.31834
659.62833	0.31430
658.66396	0.31095
657.69959	0.30863
656.73522	0.30693
655.77085	0.30503
654.80648	0.30274
653.84211	0.30065
652.87774	0.29887
651.91337	0.29728
650.94901	0.29534
649.98464	0.29164
649.02027	0.28824
648.05590	0.28880
647.09153	0.29196
646.12716	0.29434
645.16279	0.29537
644.19842	0.29593
643.23405	0.29626
642.26969	0.29641
641.30532	0.29646
640.34095	0.29618
639.37658	0.29558
638.41221	0.29510
637.44784	0.29451
636.48347	0.29289
635.51910	0.29097
634.55473	0.28999
633.59036	0.28929
632.62600	0.28849
631.66163	0.28842
630.69726	0.28867
629.73289	0.28818
628.76852	0.28687
627.80415	0.28491
626.83978	0.28189
625.87541	0.27828
624.91104	0.27624
623.94668	0.27572
622.98231	0.27467
622.01794	0.27297
621.05357	0.27141
620.08920	0.26957
619.12483	0.26490
618.16046	0.25796
617.19609	0.25470
616.23172	0.25635
615.26736	0.25848
614.30299	0.25935
613.33862	0.25947
612.37425	0.25892
611.40988	0.25824
610.44551	0.25771
609.48114	0.25693
608.51677	0.25593
607.55240	0.25496
606.58804	0.25376
605.62367	0.25211
604.65930	0.25066
603.69493	0.25009
602.73056	0.24962
601.76619	0.24747
600.80182	0.24383
599.83745	0.24121
598.87308	0.24033
597.90872	0.23996
596.94435	0.23951
595.97998	0.23843
595.01561	0.23662
594.05124	0.23459
593.08687	0.23136
592.12250	0.22761
591.15813	0.22641
590.19376	0.22718
589.22940	0.22697
588.26503	0.22567
587.30066	0.22434
586.33629	0.22255
585.37192	0.21997
584.40755	0.21821
583.44318	0.21786
582.47881	0.21651
581.51444	0.21323
580.55008	0.21079
579.58571	0.21058
578.62134	0.21006
577.65697	0.20687
576.69260	0.20280
575.72823	0.20211
574.76386	0.20427
573.79949	0.20488
572.83512	0.20343
571.87076	0.20172
570.90639	0.19991
569.94202	0.19774
568.97765	0.19589
568.01328	0.19515
567.04891	0.19538
566.08454	0.19583
565.12017	0.19583
564.15580	0.19558
563.19144	0.19527
562.22707	0.19450
561.26270	0.19344
560.29833	0.19281
559.33396	0.19272
558.36959	0.19270
557.40522	0.19302
556.44085	0.19354
555.47648	0.19327
554.51212	0.19252
553.54775	0.19226
552.58338	0.19237
551.61901	0.19188
550.65464	0.19074
549.69027	0.19029
548.72590	0.19042
547.76153	0.18968
546.79716	0.18833
545.83280	0.18815
544.86843	0.18953
543.90406	0.19072
542.93969	0.19070
541.97532	0.19061
541.01095	0.19113
540.04658	0.19172
539.08221	0.19214
538.11784	0.19233
537.15348	0.19220
536.18911	0.19221
535.22474	0.19295
534.26037	0.19363
533.29600	0.19355
532.33163	0.19332
531.36726	0.19330
530.40289	0.19320
529.43852	0.19282
528.47416	0.19207
527.50979	0.18891
526.54542	0.18381
525.58105	0.18338
524.61668	0.18829
523.65231	0.19175
522.68794	0.19258
521.72357	0.19252
520.75920	0.19005
519.79484	0.18621
518.83047	0.18357
517.86610	0.18148
516.90173	0.18112
515.93736	0.18399
514.97299	0.18691
514.00862	0.18821
513.04425	0.18894
512.07988	0.18865
511.11552	0.18729
510.15115	0.18629
509.18678	0.18532
508.22241	0.18207
507.25804	0.17825
506.29367	0.17820
505.32930	0.18075
504.36493	0.18089
503.40056	0.17634
502.43620	0.17185
501.47183	0.17355
500.50746	0.17795
499.54309	0.17942
498.57872	0.17900
497.61435	0.17823
496.64998	0.17715
495.68561	0.17597
494.72124	0.17453
493.75688	0.17227
492.79251	0.16918
491.82814	0.16753
490.86377	0.16851
489.89940	0.16919
488.93503	0.16792
487.97066	0.16636
487.00629	0.16522
486.04192	0.16353
485.07755	0.16025
484.11319	0.15739
483.14882	0.15771
482.18445	0.15902
481.22008	0.15881
480.25571	0.15819
479.29134	0.15793
478.32697	0.15700
477.36260	0.15490
476.39823	0.15299
475.43387	0.15203
474.46950	0.14877
473.50513	0.14050
472.54076	0.13445
471.57639	0.13760
470.61202	0.14339
469.64765	0.14424
468.68328	0.14189
467.71891	0.14064
466.75455	0.14166
465.79018	0.14278
464.82581	0.14230
463.86144	0.14060
462.89707	0.13776
461.93270	0.13441
460.96833	0.13264
460.00396	0.13002
459.03959	0.12067
458.07523	0.11044
457.11086	0.11171
456.14649	0.12042
455.18212	0.12465
454.21775	0.12302
453.25338	0.11968
452.28901	0.11822
451.32464	0.11898
450.36027	0.11941
449.39591	0.11881
448.43154	0.11696
447.46717	0.11399
446.50280	0.11205
445.53843	0.11082
444.57406	0.10742
443.60969	0.10336
442.64532	0.10184
441.68095	0.10242
440.71659	0.10346
439.75222	0.10381
438.78785	0.10322
437.82348	0.10099
436.85911	0.09730
435.89474	0.09506
434.93037	0.09480
433.96600	0.09445
433.00163	0.09313
432.03727	0.09155
431.07290	0.09062
430.10853	0.08999
429.14416	0.08893
428.17979	0.08782
427.21542	0.08650
426.25105	0.08383
425.28668	0.08041
424.32231	0.07703
423.35795	0.07425
422.39358	0.07357
421.42921	0.07125
420.46484	0.06204
419.50047	0.05175
418.53610	0.05099
417.57173	0.05964
416.60736	0.06833
415.64299	0.07173
414.67863	0.07175
413.71426	0.07091
412.74989	0.06998
411.78552	0.06924
410.82115	0.06864
409.85678	0.06775
408.89241	0.06651
407.92804	0.06571
406.96367	0.06509
405.99931	0.06372
405.03494	0.06219
404.07057	0.06112
403.10620	0.05998
402.14183	0.05788
401.17746	0.05457
400.21309	0.05036
399.24872	0.04530
